{"mean":{"confidence_interval":{"confidence_level":0.95,"lower_bound":0.04944227982357308,"upper_bound":0.05311265059704517},"point_estimate":0.051110196436244815,"standard_error":0.0009176408845752188},"median":{"confidence_interval":{"confidence_level":0.95,"lower_bound":0.050126480143990904,"upper_bound":0.05166994179685558},"point_estimate":0.05075056570627989,"standard_error":0.0003942448404016828}}