{"mean":{"confidence_interval":{"confidence_level":0.95,"lower_bound":89308106.85,"upper_bound":89630097.8555},"point_estimate":89449384.1,"standard_error":82899.40049987752},"median":{"confidence_interval":{"confidence_level":0.95,"lower_bound":89226615.0,"upper_bound":89272436.0},"point_estimate":89240698.5,"standard_error":16172.04255280917},"median_abs_dev":{"confidence_interval":{"confidence_level":0.95,"lower_bound":76475.47184228897,"upper_bound":189210.8912408352},"point_estimate":118590.20669460297,"standard_error":30512.92921521487},"slope":null,"std_dev":{"confidence_interval":{"confidence_level":0.95,"lower_bound":246468.68160460665,"upper_bound":1209451.675631368},"point_estimate":836086.1213575653,"standard_error":224661.21837590198}}