{"mean":{"confidence_interval":{"confidence_level":0.95,"lower_bound":95133584.668,"upper_bound":95389278.85675},"point_estimate":95244516.0,"standard_error":66115.41393698464},"median":{"confidence_interval":{"confidence_level":0.95,"lower_bound":95053085.0,"upper_bound":95172115.0},"point_estimate":95110955.5,"standard_error":27821.770573528956},"median_abs_dev":{"confidence_interval":{"confidence_level":0.95,"lower_bound":192523.01958203316,"upper_bound":306087.95366585255},"point_estimate":259869.38208639622,"standard_error":28667.472253616823},"slope":null,"std_dev":{"confidence_interval":{"confidence_level":0.95,"lower_bound":276531.33670763625,"upper_bound":1021716.0658103732},"point_estimate":664694.4121802716,"standard_error":211367.85984176514}}