{"mean":{"confidence_interval":{"confidence_level":0.95,"lower_bound":0.03468697873390242,"upper_bound":0.038931367203036825},"point_estimate":0.03658061594879358,"standard_error":0.0010786344407100893},"median":{"confidence_interval":{"confidence_level":0.95,"lower_bound":0.034521706918036354,"upper_bound":0.03567228612412787},"point_estimate":0.035096346458046934,"standard_error":0.0003045399895514545}}